date,INDPRO,GDPC1,CPIAUCSL,UNRATE,T_3M,T_1Y,T_2Y,T_5Y,T_10Y,spread_10Y_2Y,spread_10Y_3M,recession,cycle_phase,peak_quarter,trough_month,trough_quarter,trough_month_number,cycle_contraction_months,cycle_expansion_months,cycle_trough_to_trough,cycle_peak_to_peak
1987-01-01,56.0882,8986.367,111.4,6.6,5.578,5.778,6.226,6.635,7.084,0.858,1.506,0,expansion,,,,,,,,
1987-02-01,56.8275,,111.8,6.6,5.751,5.959,6.398,6.792,7.251,0.853000000000001,1.5,0,expansion,,,,,,,,
1987-03-01,56.9098,,112.2,6.6,5.766,6.033,6.425,6.793,7.249,0.824,1.483,0,expansion,,,,,,,,
1987-04-01,57.2701,9083.256,112.7,6.3,5.816,6.504,7.024,7.574,8.023,0.999,2.207,0,expansion,,,,,,,,
1987-05-01,57.6322,,113.0,6.3,5.847,7.004,7.762,8.26,8.613,0.851,2.766,0,expansion,,,,,,,,
1987-06-01,57.9307,,113.5,6.2,5.855,6.795,7.573,8.016,8.402,0.828999999999999,2.547,0,expansion,,,,,,,,
1987-07-01,58.3258,9162.024,113.8,6.1,5.879,6.683,7.442,8.008,8.447,1.005,2.568,0,expansion,,,,,,,,
1987-08-01,58.7636,,114.3,6.0,6.233,7.025,7.753,8.323,8.76,1.007,2.527,0,expansion,,,,,,,,
1987-09-01,58.9951,,114.7,5.9,6.621,7.668,8.344,8.943,9.422,1.078,2.801,0,expansion,,,,,,,,
1987-10-01,59.781,9319.332,115.0,6.0,6.351,7.593,8.398,9.08,9.52,1.122,3.169,0,expansion,,,,,,,,
1987-11-01,60.0726,,115.4,5.8,5.89,6.965,7.693,8.347,8.861,1.168,2.971,0,expansion,,,,,,,,
1987-12-01,60.4095,,115.6,5.7,5.96,7.173,7.858,8.451,8.988,1.13,3.028,0,expansion,,,,,,,,
1988-01-01,60.3976,9367.502,116.0,5.7,6.005,6.989,7.63,8.178,8.666,1.036,2.661,0,expansion,,,,,,,,
1988-02-01,60.7003,,116.2,5.7,5.842,6.64,7.18,7.712,8.212,1.032,2.37,0,expansion,,,,,,,,
1988-03-01,60.8501,,116.5,5.7,5.87,6.707,7.27,7.834,8.373,1.103,2.503,0,expansion,,,,,,,,
1988-04-01,61.2031,9490.594,117.2,5.4,6.083,7.008,7.589,8.194,8.718,1.129,2.635,0,expansion,,,,,,,,
1988-05-01,61.0797,,117.5,5.6,6.454,7.397,7.996,8.582,9.089,1.093,2.635,0,expansion,,,,,,,,
1988-06-01,61.2569,,118.0,5.4,6.664,7.49,8.026,8.487,8.921,0.895,2.257,0,expansion,,,,,,,,
1988-07-01,61.2659,9546.206,118.5,5.4,6.948,7.754,8.279,8.655,9.056,0.776999999999999,2.108,0,expansion,,,,,,,,
1988-08-01,61.5731,,119.0,5.6,7.3,8.17,8.629,8.937,9.26,0.631,1.96,0,expansion,,,,,,,,
1988-09-01,61.3807,,119.5,5.4,7.478,8.093,8.463,8.693,8.977,0.514000000000001,1.499,0,expansion,,,,,,,,
1988-10-01,61.6453,9673.405,119.9,5.4,7.597,8.11,8.354,8.512,8.796,0.442,1.199,0,expansion,,,,,,,,
1988-11-01,61.7944,,120.3,5.3,8.028,8.476,8.666,8.786,8.962,0.295999999999999,0.933999999999999,0,expansion,,,,,,,,
1988-12-01,62.0743,,120.7,5.3,8.349,8.992,9.089,9.093,9.106,0.0169999999999995,0.757,0,expansion,,,,,,,,
1989-01-01,62.2574,9771.725,121.2,5.4,8.558,9.048,9.176,9.148,9.092,-0.0839999999999996,0.534000000000001,0,expansion,,,,,,,,
1989-02-01,61.9819,,121.6,5.2,8.837,9.253,9.372,9.271,9.169,-0.202999999999999,0.332000000000001,0,expansion,,,,,,,,
1989-03-01,62.1369,,122.2,5.0,9.142,9.57,9.68,9.514,9.358,-0.321999999999999,0.216000000000001,0,expansion,,,,,,,,
1989-04-01,62.1276,9846.293,123.1,5.2,8.962,9.363,9.452,9.295,9.176,-0.276,0.214,0,expansion,,,,,,,,
1989-05-01,61.7744,,123.7,5.2,8.736,8.977,9.018,8.91,8.859,-0.159000000000001,0.122999999999999,0,expansion,,,,,,,,
1989-06-01,61.7697,,124.1,5.3,8.435,8.441,8.406,8.292,8.277,-0.129000000000001,-0.158000000000001,0,expansion,,,,,,,,
1989-07-01,61.1738,9919.228,124.5,5.2,8.147,7.894,7.82,7.826,8.018,0.198,-0.129,0,expansion,,,,,,,,
1989-08-01,61.7732,,124.5,5.2,8.17,8.184,8.145,8.09,8.113,-0.032,-0.0570000000000004,0,expansion,,,,,,,,
1989-09-01,61.5796,,124.8,5.3,8.014,8.221,8.284,8.174,8.19,-0.0940000000000012,0.176,0,expansion,,,,,,,,
1989-10-01,61.4966,9938.767,125.4,5.3,7.9,7.991,7.979,7.966,8.008,0.028999999999999,0.107999999999999,0,expansion,,,,,,,,
1989-11-01,61.7044,,125.9,5.4,7.944,7.77,7.796,7.811,7.874,0.0779999999999994,-0.0700000000000003,0,expansion,,,,,,,,
1989-12-01,62.0428,,126.3,5.4,7.88,7.723,7.777,7.746,7.836,0.0590000000000002,-0.0439999999999996,0,expansion,,,,,,,,
1990-01-01,61.729,10047.386,127.5,5.4,7.898,7.921,8.085,8.12,8.207,0.122,0.309000000000001,0,expansion,,,,,,,,
1990-02-01,62.2896,,128.0,5.3,8.002,8.111,8.371,8.425,8.473,0.102,0.471,0,expansion,,,,,,,,
1990-03-01,62.5999,,128.6,5.2,8.17,8.35,8.627,8.6,8.589,-0.0380000000000003,0.419000000000001,0,expansion,,,,,,,,
1990-04-01,62.4359,10083.855,128.9,5.4,8.04,8.404,8.724,8.768,8.786,0.0619999999999994,0.746,0,expansion,,,,,,,,
1990-05-01,62.6258,,129.1,5.4,8.007,8.316,8.642,8.736,8.758,0.116,0.750999999999999,0,expansion,,,,,,,,
1990-06-01,62.8382,,129.9,5.2,7.987,8.096,8.351,8.43,8.48,0.129,0.493,0,expansion,,,,,,,,
1990-07-01,62.7284,10090.569,130.5,5.5,7.875,7.941,8.157,8.331,8.471,0.314,0.596,0,expansion,1990Q3,1991-03-01,1991Q1,2295.0,8.0,92.0,100.0,108.0
1990-08-01,62.9475,,131.6,5.7,7.694,7.779,8.061,8.437,8.753,0.692,1.059,1,contraction,,,,,,,,
1990-09-01,62.9523,,132.5,5.9,7.598,7.763,8.079,8.514,8.893,0.814,1.295,1,contraction,,,,,,,,
1990-10-01,62.5845,9998.704,133.4,5.9,7.4,7.551,7.878,8.328,8.72,0.842000000000001,1.32,1,contraction,,,,,,,,
1990-11-01,61.7887,,133.7,6.2,7.29,7.314,7.6,8.022,8.392,0.792,1.102,1,contraction,,,,,,,,
1990-12-01,61.3352,,134.2,6.3,6.95,7.05,7.314,7.726,8.075,0.760999999999999,1.125,1,contraction,,,,,,,,
1991-01-01,61.1355,9951.916,134.7,6.4,6.41,6.644,7.125,7.7,8.092,0.967000000000001,1.682,1,contraction,,,,,,,,
1991-02-01,60.6838,,134.8,6.6,6.116,6.267,6.867,7.473,7.855,0.988,1.739,1,contraction,,,,,,,,
1991-03-01,60.3346,,134.8,6.8,6.094,6.396,7.103,7.772,8.11,1.007,2.016,1,contraction,,,,,,,,
1991-04-01,60.4938,10029.51,135.1,6.7,5.825,6.236,6.948,7.701,8.039,1.091,2.214,0,expansion,,,,,,,,
1991-05-01,61.0633,,135.6,6.9,5.634,6.13,6.784,7.701,8.068,1.284,2.434,0,expansion,,,,,,,,
1991-06-01,61.5581,,136.0,6.9,5.751,6.358,6.956,7.937,8.284,1.328,2.533,0,expansion,,,,,,,,
1991-07-01,61.7305,10080.195,136.2,6.8,5.751,6.305,6.918,7.911,8.273,1.355,2.522,0,expansion,,,,,,,,
1991-08-01,61.7298,,136.6,6.9,5.498,5.778,6.433,7.425,7.9,1.467,2.402,0,expansion,,,,,,,,
1991-09-01,62.2195,,137.0,6.9,5.374,5.572,6.182,7.136,7.65,1.468,2.276,0,expansion,,,,,,,,
1991-10-01,62.1855,10115.329,137.2,7.0,5.144,5.334,5.912,6.871,7.527,1.615,2.383,0,expansion,,,,,,,,
1991-11-01,62.0871,,137.8,7.0,4.689,4.889,5.559,6.618,7.417,1.858,2.728,0,expansion,,,,,,,,
1991-12-01,61.7852,,138.2,7.3,4.184,4.378,5.026,6.186,7.089,2.063,2.905,0,expansion,,,,,,,,
1992-01-01,61.4616,10236.435,138.3,7.3,3.906,4.151,4.958,6.243,7.032,2.074,3.126,0,expansion,,,,,,,,
1992-02-01,61.8955,,138.6,7.4,3.95,4.287,5.212,6.578,7.338,2.126,3.388,0,expansion,,,,,,,,
1992-03-01,62.4232,,139.1,7.4,4.139,4.635,5.685,6.945,7.542,1.857,3.403,0,expansion,,,,,,,,
1992-04-01,62.897,10347.429,139.4,7.4,3.839,4.299,5.344,6.784,7.48,2.136,3.641,0,expansion,,,,,,,,
1992-05-01,63.104,,139.7,7.6,3.719,4.19,5.226,6.692,7.392,2.166,3.673,0,expansion,,,,,,,,
1992-06-01,63.1363,,140.1,7.8,3.745,4.166,5.048,6.483,7.262,2.214,3.517,0,expansion,,,,,,,,
1992-07-01,63.7176,10449.673,140.5,7.7,3.28,3.596,4.355,5.837,6.845,2.49,3.565,0,expansion,,,,,,,,
1992-08-01,63.3613,,140.8,7.6,3.199,3.472,4.193,5.596,6.586,2.393,3.387,0,expansion,,,,,,,,
1992-09-01,63.5703,,141.1,7.6,2.969,3.184,3.894,5.38,6.415,2.521,3.446,0,expansion,,,,,,,,
1992-10-01,63.9995,10558.648,141.7,7.3,2.933,3.302,4.083,5.6,6.589,2.506,3.656,0,expansion,,,,,,,,
1992-11-01,64.2422,,142.1,7.4,3.206,3.682,4.579,6.038,6.873,2.294,3.667,0,expansion,,,,,,,,
1992-12-01,64.3507,,142.3,7.4,3.291,3.711,4.674,6.076,6.77,2.096,3.479,0,expansion,,,,,,,,
1993-01-01,64.5978,10576.275,142.8,7.3,3.071,3.496,4.39,5.834,6.6,2.21,3.529,0,expansion,,,,,,,,
1993-02-01,64.9089,,143.1,7.1,2.993,3.386,4.098,5.429,6.259,2.161,3.266,0,expansion,,,,,,,,
1993-03-01,64.8522,,143.3,7.0,3.014,3.333,3.95,5.195,5.975,2.025,2.961,0,expansion,,,,,,,,
1993-04-01,65.0301,10637.847,143.8,7.1,2.93,3.244,3.838,5.133,5.97,2.132,3.04,0,expansion,,,,,,,,
1993-05-01,64.784,,144.2,7.1,3.025,3.363,3.977,5.198,6.036,2.059,3.011,0,expansion,,,,,,,,
1993-06-01,64.9301,,144.3,7.0,3.145,3.536,4.164,5.217,5.963,1.799,2.818,0,expansion,,,,,,,,
1993-07-01,65.1052,10688.606,144.5,6.9,3.111,3.475,4.072,5.091,5.805,1.733,2.694,0,expansion,,,,,,,,
1993-08-01,65.0267,,144.8,6.8,3.09,3.444,4.001,5.025,5.678,1.677,2.588,0,expansion,,,,,,,,
1993-09-01,65.3717,,145.0,6.7,3.009,3.356,3.847,4.735,5.36,1.513,2.351,0,expansion,,,,,,,,
1993-10-01,65.8509,10833.987,145.6,6.8,3.092,3.392,3.874,4.707,5.334,1.46,2.242,0,expansion,,,,,,,,
1993-11-01,66.1518,,146.0,6.6,3.18,3.579,4.156,5.063,5.724,1.568,2.544,0,expansion,,,,,,,,
1993-12-01,66.5436,,146.3,6.5,3.128,3.607,4.212,5.147,5.774,1.562,2.646,0,expansion,,,,,,,,
1994-01-01,66.7351,10939.116,146.3,6.6,3.044,3.542,4.14,5.087,5.751,1.611,2.707,0,expansion,,,,,,,,
1994-02-01,66.774,,146.7,6.6,3.331,3.866,4.474,5.395,5.973,1.499,2.642,0,expansion,,,,,,,,
1994-03-01,67.4552,,147.1,6.5,3.591,4.319,4.995,5.941,6.483,1.488,2.892,0,expansion,,,,,,,,
1994-04-01,67.8541,11087.361,147.2,6.4,3.781,4.816,5.549,6.524,6.972,1.423,3.191,0,expansion,,,,,,,,
1994-05-01,68.1663,,147.5,6.1,4.268,5.314,5.968,6.78,7.183,1.215,2.915,0,expansion,,,,,,,,
1994-06-01,68.6265,,147.9,6.1,4.249,5.267,5.931,6.695,7.101,1.17,2.852,0,expansion,,,,,,,,
1994-07-01,68.7178,11152.176,148.4,6.1,4.456,5.476,6.13,6.909,7.298,1.168,2.842,0,expansion,,,,,,,,
1994-08-01,69.1785,,149.0,6.0,4.612,5.562,6.177,6.878,7.236,1.059,2.624,0,expansion,,,,,,,,
1994-09-01,69.3961,,149.3,5.9,4.751,5.763,6.392,7.083,7.457,1.065,2.706,0,expansion,,,,,,,,
1994-10-01,69.9544,11279.932,149.4,5.8,5.102,6.114,6.728,7.403,7.744,1.016,2.642,0,expansion,,,,,,,,
1994-11-01,70.4326,,149.8,5.6,5.449,6.54,7.148,7.717,7.955,0.807,2.506,0,expansion,,,,,,,,
1994-12-01,71.1523,,150.1,5.5,5.765,7.136,7.59,7.776,7.814,0.224,2.049,0,expansion,,,,,,,,
1995-01-01,71.2734,11319.951,150.5,5.6,5.902,7.05,7.507,7.756,7.78,0.273000000000001,1.878,0,expansion,,,,,,,,
1995-02-01,71.193,,150.9,5.4,5.939,6.697,7.112,7.366,7.469,0.357,1.53,0,expansion,,,,,,,,
1995-03-01,71.3113,,151.2,5.4,5.91,6.432,6.776,7.047,7.205,0.429,1.295,0,expansion,,,,,,,,
1995-04-01,71.1882,11353.721,151.8,5.8,5.838,6.266,6.568,6.86,7.063,0.495,1.225,0,expansion,,,,,,,,
1995-05-01,71.5378,,152.1,5.6,5.848,5.998,6.171,6.415,6.633,0.462,0.785,0,expansion,,,,,,,,
1995-06-01,71.7749,,152.4,5.6,5.639,5.642,5.716,5.929,6.168,0.452,0.529,0,expansion,,,,,,,,
1995-07-01,71.4748,11450.31,152.6,5.7,5.593,5.594,5.78,6.008,6.278,0.497999999999999,0.685,0,expansion,,,,,,,,
1995-08-01,72.4223,,152.9,5.7,5.566,5.753,5.981,6.244,6.488,0.507000000000001,0.922000000000001,0,expansion,,,,,,,,
1995-09-01,72.7144,,153.1,5.6,5.434,5.62,5.806,6.002,6.198,0.392,0.764,0,expansion,,,,,,,,
1995-10-01,72.5866,11528.067,153.5,5.5,5.444,5.59,5.697,5.863,6.045,0.348,0.601,0,expansion,,,,,,,,
1995-11-01,72.7779,,153.7,5.6,5.518,5.433,5.479,5.694,5.93,0.451,0.412,0,expansion,,,,,,,,
1995-12-01,73.0305,,153.9,5.6,5.294,5.307,5.324,5.514,5.712,0.388,0.418,0,expansion,,,,,,,,
1996-01-01,72.6125,11614.418,154.7,5.6,5.15,5.088,5.112,5.362,5.652,0.54,0.502,0,expansion,,,,,,,,
1996-02-01,73.6752,,155.0,5.5,4.964,4.942,5.026,5.38,5.806,0.78,0.842,0,expansion,,,,,,,,
1996-03-01,73.585,,155.5,5.5,5.098,5.342,5.661,5.966,6.269,0.608000000000001,1.171,0,expansion,,,,,,,,
1996-04-01,74.3172,11808.14,156.1,5.6,5.088,5.538,5.957,6.301,6.511,0.554,1.423,0,expansion,,,,,,,,
1996-05-01,74.8726,,156.4,5.6,5.154,5.637,6.095,6.483,6.737,0.642,1.583,0,expansion,,,,,,,,
1996-06-01,75.4433,,156.7,5.3,5.232,5.81,6.297,6.69,6.912,0.615,1.68,0,expansion,,,,,,,,
1996-07-01,75.4549,11914.063,157.0,5.5,5.298,5.851,6.27,6.636,6.865,0.595000000000001,1.567,0,expansion,,,,,,,,
1996-08-01,75.8411,,157.2,5.1,5.189,5.667,6.029,6.389,6.635,0.606,1.446,0,expansion,,,,,,,,
1996-09-01,76.3158,,157.7,5.2,5.238,5.833,6.234,6.597,6.832,0.598,1.594,0,expansion,,,,,,,,
1996-10-01,76.3384,12037.775,158.2,5.2,5.123,5.55,5.913,6.27,6.534,0.621,1.411,0,expansion,,,,,,,,
1996-11-01,77.0397,,158.7,5.4,5.169,5.423,5.702,5.973,6.204,0.502,1.035,0,expansion,,,,,,,,
1996-12-01,77.5333,,159.1,5.4,5.04,5.472,5.782,6.068,6.302,0.52,1.262,0,expansion,,,,,,,,
1997-01-01,77.6562,12115.472,159.4,5.3,5.166,5.612,6.008,6.333,6.579,0.571,1.413,0,expansion,,,,,,,,
1997-02-01,78.5833,,159.7,5.2,5.142,5.525,5.898,6.199,6.419,0.521,1.277,0,expansion,,,,,,,,
1997-03-01,79.082,,159.8,5.2,5.284,5.796,6.222,6.537,6.694,0.472,1.41,0,expansion,,,,,,,,
1997-04-01,79.1747,12317.221,159.9,5.1,5.305,5.988,6.448,6.759,6.885,0.436999999999999,1.58,0,expansion,,,,,,,,
1997-05-01,79.6133,,159.9,4.9,5.197,5.87,6.277,6.568,6.711,0.434,1.514,0,expansion,,,,,,,,
1997-06-01,79.9792,,160.2,5.0,5.071,5.692,6.095,6.375,6.494,0.399,1.423,0,expansion,,,,,,,,
1997-07-01,80.6624,12471.01,160.4,4.9,5.195,5.542,5.891,6.121,6.22,0.329,1.025,0,expansion,,,,,,,,
1997-08-01,81.4694,,160.8,4.8,5.28,5.565,5.939,6.16,6.299,0.36,1.019,0,expansion,,,,,,,,
1997-09-01,82.2156,,161.2,4.9,5.085,5.524,5.882,6.106,6.209,0.327,1.124,0,expansion,,,,,,,,
1997-10-01,82.9446,12577.495,161.5,4.7,5.113,5.456,5.772,5.928,6.03,0.258,0.917,0,expansion,,,,,,,,
1997-11-01,83.5978,,161.7,4.6,5.281,5.457,5.713,5.804,5.875,0.162,0.594,0,expansion,,,,,,,,
1997-12-01,83.9538,,161.8,4.7,5.305,5.525,5.715,5.773,5.809,0.0940000000000003,0.504,0,expansion,,,,,,,,
1998-01-01,84.3218,12703.742,162.0,4.6,5.179,5.244,5.357,5.416,5.544,0.186999999999999,0.364999999999999,0,expansion,,,,,,,,
1998-02-01,84.4583,,162.0,4.6,5.23,5.308,5.418,5.493,5.575,0.157,0.345,0,expansion,,,,,,,,
1998-03-01,84.488,,162.0,4.7,5.162,5.39,5.561,5.612,5.647,0.0860000000000003,0.485,0,expansion,,,,,,,,
1998-04-01,84.7779,12821.339,162.2,4.3,5.083,5.379,5.564,5.612,5.638,0.0739999999999998,0.555,0,expansion,,,,,,,,
1998-05-01,85.3367,,162.6,4.4,5.14,5.44,5.594,5.628,5.652,0.0579999999999998,0.512000000000001,0,expansion,,,,,,,,
1998-06-01,84.8248,,162.8,4.5,5.124,5.409,5.52,5.524,5.496,-0.0239999999999991,0.372000000000001,0,expansion,,,,,,,,
1998-07-01,84.4986,12982.752,163.2,4.5,5.095,5.358,5.458,5.461,5.461,0.00300000000000011,0.366000000000001,0,expansion,,,,,,,,
1998-08-01,86.248,,163.4,4.5,5.041,5.205,5.269,5.275,5.342,0.0729999999999995,0.300999999999999,0,expansion,,,,,,,,
1998-09-01,86.2021,,163.5,4.6,4.739,4.711,4.666,4.624,4.807,0.141,0.0680000000000005,0,expansion,,,,,,,,
1998-10-01,86.7914,13191.67,163.9,4.5,4.07,4.121,4.092,4.184,4.53,0.438000000000001,0.46,0,expansion,,,,,,,,
1998-11-01,86.7256,,164.1,4.4,4.531,4.525,4.54,4.537,4.827,0.287,0.296,0,expansion,,,,,,,,
1998-12-01,87.1185,,164.4,4.4,4.497,4.519,4.506,4.45,4.645,0.138999999999999,0.148,0,expansion,,,,,,,,
1999-01-01,87.4949,13315.597,164.7,4.3,4.446,4.514,4.615,4.601,4.722,0.107,0.276000000000001,0,expansion,,,,,,,,
1999-02-01,88.027,,164.7,4.4,4.555,4.703,4.876,4.915,4.999,0.122999999999999,0.444,0,expansion,,,,,,,,
1999-03-01,88.2267,,164.8,4.2,4.567,4.781,5.053,5.14,5.233,0.18,0.666,0,expansion,,,,,,,,
1999-04-01,88.4295,13426.748,165.9,4.3,4.409,4.69,4.977,5.08,5.185,0.207999999999999,0.776,0,expansion,,,,,,,,
1999-05-01,88.9886,,166.0,4.2,4.631,4.849,5.254,5.437,5.539,0.285,0.908,0,expansion,,,,,,,,
1999-06-01,88.9188,,166.0,4.3,4.715,5.097,5.619,5.809,5.9,0.281000000000001,1.185,0,expansion,,,,,,,,
1999-07-01,89.4333,13604.771,166.7,4.3,4.686,5.032,5.555,5.679,5.792,0.237,1.106,0,expansion,,,,,,,,
1999-08-01,89.7924,,167.1,4.2,4.874,5.198,5.678,5.841,5.939,0.261,1.065,0,expansion,,,,,,,,
1999-09-01,89.4299,,167.8,4.2,4.822,5.251,5.662,5.802,5.915,0.253,1.093,0,expansion,,,,,,,,
1999-10-01,90.523,13827.98,168.1,4.1,5.018,5.429,5.862,6.034,6.112,0.25,1.094,0,expansion,,,,,,,,
1999-11-01,90.9618,,168.4,4.1,5.228,5.554,5.862,5.969,6.034,0.172,0.806,0,expansion,,,,,,,,
1999-12-01,91.6634,,168.8,4.0,5.357,5.842,6.105,6.186,6.275,0.17,0.918,0,expansion,,,,,,,,
2000-01-01,91.538,13878.147,169.3,4.0,5.499,6.122,6.44,6.58,6.661,0.220999999999999,1.162,0,expansion,,,,,,,,
2000-02-01,91.8239,,170.0,4.1,5.727,6.218,6.61,6.678,6.519,-0.0910000000000002,0.792,0,expansion,,,,,,,,
2000-03-01,92.1504,,171.0,4.0,5.864,6.222,6.528,6.504,6.257,-0.271,0.393,0,expansion,,,,,,,,
2000-04-01,92.6989,14130.908,170.9,3.8,5.822,6.151,6.404,6.263,5.991,-0.413,0.169,0,expansion,,,,,,,,
2000-05-01,92.9499,,171.2,4.0,5.995,6.326,6.81,6.688,6.44,-0.369999999999999,0.445,0,expansion,,,,,,,,
2000-06-01,92.9862,,172.2,4.0,5.862,6.173,6.482,6.301,6.097,-0.385,0.235,0,expansion,,,,,,,,
2000-07-01,92.8048,14145.312,172.7,4.0,6.142,6.083,6.339,6.179,6.054,-0.285,-0.0880000000000001,0,expansion,,,,,,,,
2000-08-01,92.5521,,172.7,4.1,6.277,6.183,6.229,6.061,5.826,-0.403,-0.451000000000001,0,expansion,,,,,,,,
2000-09-01,92.9792,,173.6,3.9,6.175,6.126,6.082,5.934,5.799,-0.283,-0.375999999999999,0,expansion,,,,,,,,
2000-10-01,92.6179,14229.765,173.9,3.9,6.295,6.012,5.912,5.783,5.739,-0.173,-0.556,0,expansion,,,,,,,,
2000-11-01,92.6438,,174.2,3.9,6.356,6.092,5.875,5.698,5.717,-0.158,-0.639,0,expansion,,,,,,,,
2000-12-01,92.3415,,174.6,3.9,5.937,5.602,5.352,5.168,5.24,-0.112,-0.697,0,expansion,,,,,,,,
2001-01-01,91.902,14183.12,175.6,4.2,5.285,4.815,4.76,4.859,5.161,0.401,-0.124000000000001,0,expansion,,,,,,,,
2001-02-01,91.3034,,176.0,4.2,5.005,4.684,4.657,4.886,5.099,0.442,0.0940000000000003,0,expansion,,,,,,,,
2001-03-01,91.1162,,176.1,4.3,4.535,4.299,4.342,4.643,4.885,0.543,0.35,0,expansion,2001Q1,2001-11-01,2001Q4,2423.0,8.0,120.0,128.0,128.0
2001-04-01,90.7891,14271.694,176.4,4.4,3.966,3.976,4.234,4.764,5.141,0.907,1.175,1,contraction,,,,,,,,
2001-05-01,90.3555,,177.3,4.3,3.703,3.781,4.26,4.928,5.391,1.131,1.688,1,contraction,,,,,,,,
2001-06-01,89.8784,,177.7,4.5,3.565,3.576,4.08,4.807,5.284,1.204,1.719,1,contraction,,,,,,,,
2001-07-01,89.3028,14214.516,177.4,4.6,3.593,3.617,4.039,4.762,5.236,1.197,1.643,1,contraction,,,,,,,,
2001-08-01,89.2003,,177.4,4.9,3.438,3.47,3.757,4.574,4.971,1.214,1.533,1,contraction,,,,,,,,
2001-09-01,88.7485,,178.1,5.0,2.692,2.825,3.119,4.115,4.732,1.613,2.04,1,contraction,,,,,,,,
2001-10-01,88.5052,14253.574,177.6,5.3,2.198,2.33,2.726,3.91,4.567,1.841,2.369,1,contraction,,,,,,,,
2001-11-01,87.97,,177.5,5.5,1.906,2.182,2.782,3.972,4.652,1.87,2.746,1,contraction,,,,,,,,
2001-12-01,87.9324,,177.4,5.7,1.72,2.216,3.107,4.39,5.088,1.981,3.368,0,expansion,,,,,,,,
2002-01-01,88.5176,14372.785,177.7,5.7,1.685,2.159,3.028,4.34,5.036,2.008,3.351,0,expansion,,,,,,,,
2002-02-01,88.5278,,178.0,5.7,1.757,2.233,3.015,4.298,4.912,1.897,3.155,0,expansion,,,,,,,,
2002-03-01,89.1686,,178.5,5.7,1.825,2.567,3.558,4.738,5.284,1.726,3.459,0,expansion,,,,,,,,
2002-04-01,89.604,14460.848,179.3,5.9,1.745,2.476,3.423,4.647,5.211,1.788,3.466,0,expansion,,,,,,,,
2002-05-01,89.964,,179.5,5.8,1.76,2.354,3.264,4.495,5.165,1.901,3.405,0,expansion,,,,,,,,
2002-06-01,90.7061,,179.6,5.8,1.732,2.196,2.993,4.186,4.926,1.933,3.194,0,expansion,,,,,,,,
2002-07-01,90.6769,14519.633,180.0,5.8,1.714,1.961,2.557,3.807,4.653,2.096,2.939,0,expansion,,,,,,,,
2002-08-01,90.5762,,180.5,5.7,1.647,1.757,2.134,3.295,4.257,2.123,2.61,0,expansion,,,,,,,,
2002-09-01,90.6531,,180.8,5.7,1.659,1.715,2.004,2.938,3.87,1.866,2.211,0,expansion,,,,,,,,
2002-10-01,90.4643,14537.58,181.2,5.7,1.61,1.65,1.912,2.945,3.941,2.029,2.331,0,expansion,,,,,,,,
2002-11-01,90.9711,,181.5,5.9,1.255,1.492,1.923,3.055,4.048,2.125,2.793,0,expansion,,,,,,,,
2002-12-01,90.4652,,181.8,6.0,1.211,1.45,1.836,3.033,4.032,2.196,2.821,0,expansion,,,,,,,,
2003-01-01,91.2361,14614.141,182.6,5.8,1.189,1.364,1.743,3.052,4.049,2.306,2.86,0,expansion,,,,,,,,
2003-02-01,91.3445,,183.6,5.9,1.185,1.296,1.628,2.898,3.903,2.275,2.718,0,expansion,,,,,,,,
2003-03-01,91.1044,,183.9,5.9,1.151,1.24,1.574,2.784,3.807,2.233,2.656,0,expansion,,,,,,,,
2003-04-01,90.5617,14743.567,183.2,6.0,1.152,1.267,1.622,2.929,3.959,2.337,2.807,0,expansion,,,,,,,,
2003-05-01,90.537,,182.9,6.1,1.088,1.181,1.415,2.516,3.569,2.154,2.481,0,expansion,,,,,,,,
2003-06-01,90.6527,,183.1,6.3,0.936,1.01,1.227,2.266,3.334,2.107,2.398,0,expansion,,,,,,,,
2003-07-01,91.1185,14988.782,183.7,6.2,0.92,1.116,1.474,2.872,3.975,2.501,3.055,0,expansion,,,,,,,,
2003-08-01,90.9197,,184.5,6.1,0.969,1.309,1.864,3.37,4.445,2.581,3.476,0,expansion,,,,,,,,
2003-09-01,91.5059,,185.1,6.1,0.955,1.238,1.706,3.185,4.274,2.568,3.319,0,expansion,,,,,,,,
2003-10-01,91.6186,15162.76,184.9,6.0,0.942,1.254,1.748,3.186,4.29,2.542,3.348,0,expansion,,,,,,,,
2003-11-01,92.2329,,185.0,5.8,0.952,1.337,1.927,3.287,4.3,2.373,3.348,0,expansion,,,,,,,,
2003-12-01,92.2602,,185.5,5.7,0.915,1.306,1.907,3.269,4.268,2.361,3.353,0,expansion,,,,,,,,
2004-01-01,92.4006,15248.68,186.3,5.7,0.901,1.24,1.761,3.122,4.15,2.389,3.249,0,expansion,,,,,,,,
2004-02-01,92.958,,186.7,5.6,0.945,1.244,1.74,3.068,4.084,2.344,3.139,0,expansion,,,,,,,,
2004-03-01,92.5861,,187.1,5.8,0.953,1.187,1.578,2.787,3.827,2.249,2.874,0,expansion,,,,,,,,
2004-04-01,92.93,15366.85,187.4,5.6,0.958,1.434,2.071,3.39,4.348,2.277,3.39,0,expansion,,,,,,,,
2004-05-01,93.6013,,188.2,5.6,1.039,1.778,2.534,3.851,4.716,2.182,3.677,0,expansion,,,,,,,,
2004-06-01,92.871,,188.9,5.6,1.288,2.115,2.763,3.929,4.734,1.971,3.446,0,expansion,,,,,,,,
2004-07-01,93.5649,15512.619,189.1,5.5,1.358,2.095,2.639,3.689,4.498,1.859,3.14,0,expansion,,,,,,,,
2004-08-01,93.6277,,189.2,5.4,1.503,2.016,2.508,3.475,4.281,1.773,2.778,0,expansion,,,,,,,,
2004-09-01,93.7467,,189.8,5.4,1.681,2.117,2.525,3.355,4.126,1.601,2.445,0,expansion,,,,,,,,
2004-10-01,94.5465,15670.88,190.8,5.5,1.794,2.228,2.584,3.348,4.097,1.513,2.303,0,expansion,,,,,,,,
2004-11-01,94.7813,,191.7,5.4,2.108,2.5,2.852,3.525,4.194,1.342,2.086,0,expansion,,,,,,,,
2004-12-01,95.5365,,191.7,5.4,2.223,2.67,3.012,3.598,4.231,1.219,2.008,0,expansion,,,,,,,,
2005-01-01,95.8801,15844.727,191.6,5.3,2.371,2.86,3.222,3.707,4.222,1.0,1.851,0,expansion,,,,,,,,
2005-02-01,96.5761,,192.4,5.4,2.579,3.029,3.385,3.766,4.165,0.78,1.586,0,expansion,,,,,,,,
2005-03-01,96.4456,,193.1,5.2,2.796,3.302,3.727,4.165,4.498,0.771,1.702,0,expansion,,,,,,,,
2005-04-01,96.6532,15922.782,193.7,5.2,2.837,3.317,3.654,3.999,4.341,0.687,1.504,0,expansion,,,,,,,,
2005-05-01,96.7402,,193.6,5.1,2.902,3.331,3.644,3.853,4.144,0.5,1.242,0,expansion,,,,,,,,
2005-06-01,97.1753,,193.7,5.0,3.036,3.363,3.64,3.772,3.998,0.358,0.962,0,expansion,,,,,,,,
2005-07-01,96.8676,16047.587,194.9,5.0,3.288,3.641,3.871,3.979,4.178,0.307,0.89,0,expansion,,,,,,,,
2005-08-01,97.1833,,196.1,4.9,3.518,3.872,4.044,4.122,4.263,0.219,0.745,0,expansion,,,,,,,,
2005-09-01,95.3005,,198.8,5.0,3.494,3.845,3.946,4.006,4.199,0.253,0.705,0,expansion,,,,,,,,
2005-10-01,96.4572,16136.734,199.1,5.0,3.792,4.176,4.271,4.328,4.464,0.193000000000001,0.672000000000001,0,expansion,,,,,,,,
2005-11-01,97.5414,,198.1,5.0,3.974,4.334,4.416,4.452,4.535,0.119,0.561,0,expansion,,,,,,,,
2005-12-01,98.0452,,198.1,4.9,3.971,4.353,4.404,4.392,4.467,0.0629999999999997,0.496,0,expansion,,,,,,,,
2006-01-01,98.1999,16353.835,199.3,4.7,4.336,4.445,4.396,4.345,4.416,0.0200000000000005,0.0800000000000001,0,expansion,,,,,,,,
2006-02-01,98.2413,,199.4,4.8,4.539,4.685,4.668,4.572,4.569,-0.0990000000000002,0.0300000000000003,0,expansion,,,,,,,,
2006-03-01,98.4628,,199.7,4.7,4.628,4.773,4.734,4.716,4.724,-0.00999999999999979,0.0960000000000001,0,expansion,,,,,,,,
2006-04-01,98.7618,16396.151,200.7,4.7,4.722,4.897,4.889,4.902,4.991,0.101999999999999,0.268999999999999,0,expansion,,,,,,,,
2006-05-01,98.7869,,201.3,4.6,4.836,4.995,4.968,4.998,5.11,0.142,0.274,0,expansion,,,,,,,,
2006-06-01,99.0997,,201.8,4.6,4.918,5.155,5.122,5.067,5.106,-0.016,0.188,0,expansion,,,,,,,,
2006-07-01,99.0489,16420.738,202.9,4.7,5.076,5.217,5.118,5.04,5.088,-0.0300000000000003,0.0120000000000005,0,expansion,,,,,,,,
2006-08-01,99.4836,,203.8,4.7,5.09,5.083,4.903,4.822,4.877,-0.0259999999999998,-0.213,0,expansion,,,,,,,,
2006-09-01,99.3183,,202.8,4.5,4.93,4.974,4.769,4.667,4.719,-0.0499999999999998,-0.210999999999999,0,expansion,,,,,,,,
2006-10-01,99.2044,16561.866,201.9,4.4,5.046,5.01,4.796,4.687,4.729,-0.0670000000000002,-0.317,0,expansion,,,,,,,,
2006-11-01,99.1627,,202.0,4.5,5.073,5.011,4.74,4.582,4.595,-0.145,-0.478000000000001,0,expansion,,,,,,,,
2006-12-01,100.1735,,203.1,4.4,4.973,4.942,4.674,4.533,4.564,-0.11,-0.409,0,expansion,,,,,,,,
2007-01-01,99.8346,16611.69,203.437,4.6,5.105,5.057,4.876,4.753,4.76,-0.116000000000001,-0.345000000000001,0,expansion,,,,,,,,
2007-02-01,100.7753,,204.226,4.5,5.163,5.054,4.849,4.711,4.723,-0.126,-0.44,0,expansion,,,,,,,,
2007-03-01,100.9547,,205.288,4.4,5.08,4.92,4.574,4.481,4.565,-0.00899999999999945,-0.515,0,expansion,,,,,,,,
2007-04-01,101.6334,16713.314,205.904,4.5,5.007,4.932,4.666,4.593,4.694,0.0279999999999996,-0.313,0,expansion,,,,,,,,
2007-05-01,101.7306,,206.755,4.4,4.868,4.909,4.766,4.667,4.746,-0.0199999999999996,-0.122,0,expansion,,,,,,,,
2007-06-01,101.7893,,207.234,4.6,4.742,4.962,4.98,5.026,5.103,0.122999999999999,0.361,0,expansion,,,,,,,,
2007-07-01,101.6672,16809.587,207.603,4.7,4.961,4.964,4.819,4.885,5.004,0.185,0.0429999999999993,0,expansion,,,,,,,,
2007-08-01,101.863,,207.667,4.6,4.317,4.472,4.313,4.432,4.675,0.362,0.358,0,expansion,,,,,,,,
2007-09-01,102.0894,,208.547,4.7,3.994,4.137,4.012,4.199,4.522,0.510000000000001,0.528,0,expansion,,,,,,,,
2007-10-01,101.8015,16915.191,209.19,4.7,4.003,4.097,3.968,4.198,4.528,0.56,0.525,0,expansion,,,,,,,,
2007-11-01,102.3446,,210.834,4.7,3.355,3.499,3.336,3.667,4.148,0.812,0.793,0,expansion,,,,,,,,
2007-12-01,102.3803,,211.445,5.0,3.066,3.263,3.117,3.488,4.098,0.981,1.032,0,expansion,2007Q4,2009-06-01,2009Q2,2514.0,18.0,73.0,91.0,81.0
2008-01-01,102.2448,16843.003,212.174,5.0,2.82,2.711,2.476,2.98,3.744,1.268,0.924,1,contraction,,,,,,,,
2008-02-01,101.8438,,212.687,4.9,2.174,2.054,1.973,2.779,3.738,1.765,1.564,1,contraction,,,,,,,,
2008-03-01,101.5336,,213.448,5.1,1.284,1.544,1.617,2.484,3.51,1.893,2.226,1,contraction,,,,,,,,
2008-04-01,100.8785,16943.291,213.942,5.0,1.312,1.738,2.047,2.841,3.675,1.628,2.363,1,contraction,,,,,,,,
2008-05-01,100.2674,,215.208,5.4,1.764,2.056,2.446,3.153,3.88,1.434,2.116,1,contraction,,,,,,,,
2008-06-01,100.0335,,217.463,5.6,1.89,2.42,2.774,3.485,4.1,1.326,2.21,1,contraction,,,,,,,,
2008-07-01,99.676,16854.295,219.016,5.8,1.655,2.282,2.573,3.303,4.008,1.435,2.353,1,contraction,,,,,,,,
2008-08-01,98.1111,,218.69,6.1,1.753,2.177,2.42,3.142,3.886,1.466,2.133,1,contraction,,,,,,,,
2008-09-01,93.7895,,218.877,6.1,1.147,1.913,2.076,2.884,3.686,1.61,2.539,1,contraction,,,,,,,,
2008-10-01,94.7219,16485.35,216.995,6.5,0.686,1.42,1.612,2.726,3.814,2.202,3.128,1,contraction,,,,,,,,
2008-11-01,93.4715,,213.153,6.8,0.194,1.067,1.213,2.292,3.527,2.314,3.333,1,contraction,,,,,,,,
2008-12-01,90.8357,,211.398,7.3,0.034,0.495,0.821,1.522,2.416,1.595,2.382,1,contraction,,,,,,,,
2009-01-01,88.57,16298.262,211.933,7.8,0.13,0.444,0.807,1.596,2.518,1.711,2.388,1,contraction,,,,,,,,
2009-02-01,88.031,,212.705,8.3,0.295,0.623,0.975,1.872,2.87,1.895,2.575,1,contraction,,,,,,,,
2009-03-01,86.6528,,212.495,8.7,0.216,0.644,0.931,1.816,2.82,1.889,2.604,1,contraction,,,,,,,,
2009-04-01,85.9344,16269.145,212.709,9.0,0.158,0.548,0.927,1.858,2.927,2.0,2.769,1,contraction,,,,,,,,
2009-05-01,85.0665,,213.022,9.4,0.177,0.501,0.93,2.134,3.293,2.363,3.116,1,contraction,,,,,,,,
2009-06-01,84.7459,,214.79,9.5,0.179,0.514,1.184,2.706,3.722,2.538,3.543,1,contraction,,,,,,,,
2009-07-01,85.7027,16326.281,214.726,9.5,0.184,0.479,1.019,2.463,3.562,2.543,3.378,0,expansion,,,,,,,,
2009-08-01,86.6426,,215.445,9.6,0.172,0.459,1.115,2.571,3.587,2.472,3.415,0,expansion,,,,,,,,
2009-09-01,87.4063,,215.861,9.8,0.123,0.405,0.956,2.369,3.402,2.446,3.279,0,expansion,,,,,,,,
2009-10-01,87.6419,16502.754,216.509,10.0,0.074,0.375,0.949,2.333,3.388,2.439,3.314,0,expansion,,,,,,,,
2009-11-01,88.0221,,217.234,9.9,0.052,0.313,0.803,2.231,3.403,2.6,3.351,0,expansion,,,,,,,,
2009-12-01,88.3793,,217.347,9.9,0.055,0.371,0.875,2.34,3.59,2.715,3.535,0,expansion,,,,,,,,
2010-01-01,89.3426,16582.71,217.488,9.8,0.062,0.346,0.929,2.484,3.733,2.804,3.671,0,expansion,,,,,,,,
2010-02-01,89.6779,,217.281,9.8,0.109,0.346,0.857,2.364,3.691,2.834,3.582,0,expansion,,,,,,,,
2010-03-01,90.2928,,217.353,9.9,0.15,0.396,0.959,2.433,3.727,2.768,3.577,0,expansion,,,,,,,,
2010-04-01,90.5991,16743.162,217.403,9.9,0.162,0.445,1.06,2.581,3.847,2.787,3.685,0,expansion,,,,,,,,
2010-05-01,91.823,,217.29,9.6,0.16,0.371,0.83,2.18,3.42,2.59,3.26,0,expansion,,,,,,,,
2010-06-01,91.9928,,217.199,9.4,0.124,0.318,0.725,1.996,3.204,2.479,3.08,0,expansion,,,,,,,,
2010-07-01,92.3421,16872.266,217.605,9.4,0.158,0.291,0.617,1.763,3.011,2.394,2.853,0,expansion,,,,,,,,
2010-08-01,92.6805,,217.923,9.5,0.155,0.259,0.52,1.465,2.699,2.179,2.544,0,expansion,,,,,,,,
2010-09-01,92.9537,,218.275,9.5,0.152,0.257,0.48,1.41,2.648,2.168,2.496,0,expansion,,,,,,,,
2010-10-01,92.6903,16960.864,219.035,9.4,0.134,0.228,0.376,1.182,2.54,2.164,2.406,0,expansion,,,,,,,,
2010-11-01,92.7709,,219.59,9.8,0.143,0.252,0.454,1.35,2.763,2.309,2.62,0,expansion,,,,,,,,
2010-12-01,93.6787,,220.472,9.3,0.141,0.294,0.618,1.935,3.291,2.673,3.15,0,expansion,,,,,,,,
2011-01-01,93.4814,16920.632,221.187,9.1,0.152,0.273,0.614,1.994,3.394,2.78,3.242,0,expansion,,,,,,,,
2011-02-01,93.1102,,221.898,9.0,0.132,0.286,0.773,2.258,3.576,2.803,3.444,0,expansion,,,,,,,,
2011-03-01,94.0788,,223.046,9.0,0.1,0.259,0.697,2.113,3.414,2.717,3.314,0,expansion,,,,,,,,
2011-04-01,93.7749,17035.114,224.093,9.1,0.058,0.246,0.734,2.169,3.455,2.721,3.397,0,expansion,,,,,,,,
2011-05-01,93.888,,224.806,9.0,0.041,0.188,0.555,1.842,3.169,2.614,3.128,0,expansion,,,,,,,,
2011-06-01,94.172,,224.806,9.1,0.037,0.181,0.41,1.58,3.002,2.592,2.965,0,expansion,,,,,,,,
2011-07-01,94.636,17031.313,225.395,9.0,0.038,0.185,0.406,1.541,3.003,2.597,2.965,0,expansion,,,,,,,,
2011-08-01,95.2749,,226.106,9.0,0.024,0.115,0.23,1.021,2.303,2.073,2.279,0,expansion,,,,,,,,
2011-09-01,95.1961,,226.597,9.0,0.014,0.105,0.211,0.9,1.975,1.764,1.961,0,expansion,,,,,,,,
2011-10-01,95.8568,17222.583,226.75,8.8,0.019,0.114,0.28,1.062,2.152,1.872,2.133,0,expansion,,,,,,,,
2011-11-01,95.8485,,227.169,8.6,0.014,0.112,0.254,0.908,2.013,1.759,1.999,0,expansion,,,,,,,,
2011-12-01,96.3571,,227.223,8.5,0.011,0.115,0.257,0.891,1.978,1.721,1.967,0,expansion,,,,,,,,
2012-01-01,96.9318,17367.01,227.842,8.3,0.034,0.115,0.24,0.835,1.966,1.726,1.932,0,expansion,,,,,,,,
2012-02-01,97.2435,,228.329,8.3,0.092,0.161,0.278,0.831,1.968,1.69,1.876,0,expansion,,,,,,,,
2012-03-01,96.74,,228.807,8.2,0.084,0.19,0.345,1.017,2.173,1.828,2.089,0,expansion,,,,,,,,
2012-04-01,97.4359,17444.525,229.187,8.2,0.084,0.183,0.292,0.895,2.053,1.761,1.969,0,expansion,,,,,,,,
2012-05-01,97.6609,,228.713,8.2,0.09,0.192,0.285,0.762,1.803,1.518,1.713,0,expansion,,,,,,,,
2012-06-01,97.6663,,228.524,8.2,0.091,0.189,0.292,0.711,1.622,1.33,1.531,0,expansion,,,,,,,,
2012-07-01,97.8713,17469.65,228.59,8.2,0.097,0.186,0.248,0.62,1.527,1.279,1.43,0,expansion,,,,,,,,
2012-08-01,97.4525,,229.918,8.1,0.103,0.183,0.269,0.714,1.678,1.409,1.575,0,expansion,,,,,,,,
2012-09-01,97.381,,231.015,7.8,0.105,0.176,0.255,0.669,1.723,1.468,1.618,0,expansion,,,,,,,,
2012-10-01,97.7193,17489.852,231.638,7.8,0.105,0.18,0.277,0.709,1.746,1.469,1.641,0,expansion,,,,,,,,
2012-11-01,98.0777,,231.249,7.7,0.094,0.178,0.268,0.665,1.654,1.386,1.56,0,expansion,,,,,,,,
2012-12-01,98.3101,,231.221,7.9,0.07,0.158,0.257,0.696,1.719,1.462,1.649,0,expansion,,,,,,,,
2013-01-01,98.3342,17662.4,231.679,8.0,0.074,0.145,0.265,0.805,1.915,1.65,1.841,0,expansion,,,,,,,,
2013-02-01,98.7941,,232.937,7.7,0.099,0.157,0.267,0.846,1.984,1.717,1.885,0,expansion,,,,,,,,
2013-03-01,99.1921,,232.282,7.5,0.087,0.148,0.256,0.818,1.958,1.702,1.871,0,expansion,,,,,,,,
2013-04-01,99.1065,17709.671,231.797,7.6,0.06,0.125,0.232,0.71,1.759,1.527,1.699,0,expansion,,,,,,,,
2013-05-01,99.1839,,231.893,7.5,0.044,0.119,0.25,0.841,1.928,1.678,1.884,0,expansion,,,,,,,,
2013-06-01,99.3897,,232.445,7.5,0.05,0.142,0.334,1.204,2.3,1.966,2.25,0,expansion,,,,,,,,
2013-07-01,99.0814,17860.45,232.9,7.3,0.035,0.122,0.341,1.403,2.582,2.241,2.547,0,expansion,,,,,,,,
2013-08-01,99.6543,,233.456,7.2,0.044,0.127,0.356,1.52,2.737,2.381,2.693,0,expansion,,,,,,,,
2013-09-01,100.161,,233.544,7.2,0.016,0.119,0.404,1.596,2.81,2.406,2.794,0,expansion,,,,,,,,
2013-10-01,100.082,18016.147,233.669,7.2,0.047,0.121,0.335,1.367,2.616,2.281,2.569,0,expansion,,,,,,,,
2013-11-01,100.3158,,234.1,6.9,0.068,0.122,0.304,1.371,2.718,2.414,2.65,0,expansion,,,,,,,,
2013-12-01,100.5175,,234.719,6.7,0.067,0.133,0.34,1.576,2.902,2.562,2.835,0,expansion,,,,,,,,
2014-01-01,100.1599,17953.974,235.288,6.6,0.043,0.116,0.394,1.647,2.858,2.464,2.815,0,expansion,,,,,,,,
2014-02-01,100.9168,,235.547,6.7,0.053,0.117,0.327,1.516,2.709,2.382,2.656,0,expansion,,,,,,,,
2014-03-01,101.8942,,236.028,6.7,0.052,0.128,0.399,1.64,2.723,2.324,2.671,0,expansion,,,,,,,,
2014-04-01,101.9928,18185.911,236.468,6.2,0.031,0.108,0.417,1.701,2.705,2.288,2.674,0,expansion,,,,,,,,
2014-05-01,102.3836,,236.918,6.3,0.032,0.097,0.389,1.593,2.559,2.17,2.527,0,expansion,,,,,,,,
2014-06-01,102.735,,237.231,6.1,0.036,0.105,0.452,1.679,2.599,2.147,2.563,0,expansion,,,,,,,,
2014-07-01,102.9632,18406.941,237.498,6.2,0.026,0.111,0.506,1.7,2.542,2.036,2.516,0,expansion,,,,,,,,
2014-08-01,102.7688,,237.46,6.1,0.033,0.107,0.472,1.631,2.42,1.948,2.387,0,expansion,,,,,,,,
2014-09-01,103.0641,,237.477,5.9,0.02,0.11,0.567,1.774,2.534,1.967,2.514,0,expansion,,,,,,,,
2014-10-01,103.0764,18500.031,237.43,5.7,0.017,0.105,0.445,1.546,2.304,1.859,2.287,0,expansion,,,,,,,,
2014-11-01,103.7126,,236.983,5.8,0.022,0.134,0.527,1.621,2.326,1.799,2.304,0,expansion,,,,,,,,
2014-12-01,103.7044,,236.252,5.6,0.029,0.215,0.635,1.64,2.207,1.572,2.178,0,expansion,,,,,,,,
2015-01-01,102.8905,18666.621,234.747,5.7,0.028,0.196,0.552,1.374,1.882,1.33,1.854,0,expansion,,,,,,,,
2015-02-01,102.2335,,235.342,5.5,0.018,0.224,0.619,1.473,1.975,1.356,1.957,0,expansion,,,,,,,,
2015-03-01,101.8914,,235.976,5.4,0.028,0.254,0.64,1.519,2.043,1.403,2.015,0,expansion,,,,,,,,
2015-04-01,101.3355,18782.243,236.222,5.4,0.023,0.234,0.54,1.355,1.935,1.395,1.912,0,expansion,,,,,,,,
2015-05-01,100.8883,,237.001,5.6,0.016,0.241,0.609,1.538,2.198,1.589,2.182,0,expansion,,,,,,,,
2015-06-01,100.571,,237.657,5.3,0.015,0.275,0.689,1.684,2.364,1.675,2.349,0,expansion,,,,,,,,
2015-07-01,101.2228,18857.418,238.034,5.2,0.032,0.297,0.668,1.632,2.325,1.657,2.293,0,expansion,,,,,,,,
2015-08-01,101.0367,,238.033,5.1,0.072,0.376,0.698,1.541,2.167,1.469,2.095,0,expansion,,,,,,,,
2015-09-01,100.7547,,237.498,5.0,0.024,0.373,0.713,1.49,2.173,1.46,2.149,0,expansion,,,,,,,,
2015-10-01,100.2675,18892.206,237.733,5.0,0.017,0.263,0.645,1.386,2.07,1.425,2.053,0,expansion,,,,,,,,
2015-11-01,99.5298,,238.017,5.1,0.126,0.477,0.885,1.671,2.263,1.378,2.137,0,expansion,,,,,,,,
2015-12-01,99.0417,,237.761,5.0,0.229,0.654,0.983,1.699,2.243,1.26,2.014,0,expansion,,,,,,,,
2016-01-01,99.5607,19001.69,237.652,4.8,0.257,0.543,0.899,1.518,2.085,1.186,1.828,0,expansion,,,,,,,,
2016-02-01,99.0445,,237.336,4.9,0.314,0.534,0.734,1.222,1.78,1.046,1.466,0,expansion,,,,,,,,
2016-03-01,98.3096,,238.08,5.0,0.297,0.656,0.875,1.376,1.889,1.014,1.592,0,expansion,,,,,,,,
2016-04-01,98.6421,19062.709,238.992,5.1,0.228,0.556,0.768,1.258,1.805,1.037,1.577,0,expansion,,,,,,,,
2016-05-01,98.4184,,239.557,4.8,0.277,0.591,0.816,1.3,1.806,0.99,1.529,0,expansion,,,,,,,,
2016-06-01,98.8833,,240.222,4.9,0.273,0.552,0.731,1.166,1.644,0.913,1.371,0,expansion,,,,,,,,
2016-07-01,98.9992,19197.938,240.101,4.8,0.301,0.514,0.672,1.072,1.504,0.832,1.203,0,expansion,,,,,,,,
2016-08-01,98.85,,240.545,4.9,0.3,0.568,0.737,1.133,1.557,0.82,1.257,0,expansion,,,,,,,,
2016-09-01,98.7457,,241.176,5.0,0.294,0.593,0.771,1.178,1.63,0.859,1.336,0,expansion,,,,,,,,
2016-10-01,98.7611,19304.352,241.741,4.9,0.332,0.66,0.843,1.272,1.764,0.921,1.432,0,expansion,,,,,,,,
2016-11-01,98.3491,,242.026,4.7,0.452,0.736,0.98,1.596,2.142,1.162,1.69,0,expansion,,,,,,,,
2016-12-01,99.0214,,242.637,4.7,0.512,0.866,1.197,1.959,2.492,1.295,1.98,0,expansion,,,,,,,,
2017-01-01,98.7611,19398.343,243.618,4.7,0.519,0.825,1.206,1.916,2.432,1.226,1.913,0,expansion,,,,,,,,
2017-02-01,98.3646,,244.006,4.6,0.526,0.821,1.201,1.902,2.419,1.218,1.893,0,expansion,,,,,,,,
2017-03-01,99.0137,,243.892,4.4,0.748,1.01,1.313,2.013,2.482,1.169,1.734,0,expansion,,,,,,,,
2017-04-01,100.0224,19506.949,244.193,4.4,0.808,1.042,1.241,1.824,2.297,1.056,1.489,0,expansion,,,,,,,,
2017-05-01,100.1408,,244.004,4.4,0.903,1.123,1.302,1.837,2.304,1.002,1.401,0,expansion,,,,,,,,
2017-06-01,100.3471,,244.163,4.3,0.999,1.201,1.342,1.774,2.187,0.845,1.188,0,expansion,,,,,,,,
2017-07-01,100.1068,19660.766,244.243,4.3,1.086,1.224,1.372,1.872,2.318,0.946,1.232,0,expansion,,,,,,,,
2017-08-01,99.6925,,245.183,4.4,1.032,1.229,1.335,1.777,2.209,0.874,1.177,0,expansion,,,,,,,,
2017-09-01,99.7954,,246.435,4.3,1.046,1.28,1.384,1.798,2.202,0.818,1.156,0,expansion,,,,,,,,
2017-10-01,101.0247,19882.352,246.626,4.2,1.093,1.398,1.55,1.981,2.36,0.81,1.267,0,expansion,,,,,,,,
2017-11-01,101.2664,,247.284,4.2,1.25,1.56,1.697,2.05,2.353,0.656,1.103,0,expansion,,,,,,,,
2017-12-01,101.4644,,247.805,4.1,1.342,1.7,1.844,2.182,2.402,0.558,1.06,0,expansion,,,,,,,,
2018-01-01,101.4625,20044.077,248.859,4.0,1.432,1.803,2.032,2.382,2.584,0.552,1.152,0,expansion,,,,,,,,
2018-02-01,101.7085,,249.529,4.1,1.588,1.964,2.175,2.599,2.859,0.684,1.271,0,expansion,,,,,,,,
2018-03-01,102.2067,,249.577,4.0,1.727,2.063,2.276,2.63,2.842,0.566,1.115,0,expansion,,,,,,,,
2018-04-01,103.3329,20150.476,250.227,4.0,1.788,2.154,2.384,2.702,2.869,0.485,1.081,0,expansion,,,,,,,,
2018-05-01,102.4024,,250.792,3.8,1.9,2.274,2.512,2.817,2.978,0.466,1.078,0,expansion,,,,,,,,
2018-06-01,103.198,,251.018,4.0,1.935,2.328,2.533,2.776,2.912,0.379,0.977,0,expansion,,,,,,,,
2018-07-01,103.3646,20276.154,251.214,3.8,1.995,2.388,2.607,2.778,2.889,0.282,0.894,0,expansion,,,,,,,,
2018-08-01,104.0327,,251.663,3.8,2.073,2.446,2.636,2.768,2.889,0.253,0.816,0,expansion,,,,,,,,
2018-09-01,104.1004,,252.182,3.7,2.165,2.558,2.768,2.894,3.004,0.236,0.839,0,expansion,,,,,,,,
2018-10-01,103.9856,20304.874,252.772,3.8,2.293,2.652,2.861,3.0,3.152,0.291,0.859,0,expansion,,,,,,,,
2018-11-01,104.0681,,252.594,3.8,2.374,2.698,2.859,2.947,3.117,0.258,0.743,0,expansion,,,,,,,,
2018-12-01,104.0936,,252.767,3.9,2.412,2.655,2.676,2.682,2.833,0.157,0.421,0,expansion,,,,,,,,
2019-01-01,103.4021,20431.641,252.561,4.0,2.424,2.58,2.543,2.536,2.714,0.171,0.29,0,expansion,,,,,,,,
2019-02-01,102.8371,,253.319,3.8,2.438,2.549,2.504,2.488,2.676,0.172,0.238,0,expansion,,,,,,,,
2019-03-01,102.8757,,254.277,3.8,2.454,2.491,2.41,2.373,2.571,0.161,0.117,0,expansion,,,,,,,,
2019-04-01,102.274,20602.275,255.233,3.7,2.433,2.425,2.345,2.333,2.532,0.187,0.0990000000000002,0,expansion,,,,,,,,
2019-05-01,102.392,,255.296,3.6,2.403,2.34,2.206,2.188,2.395,0.189,-0.00800000000000001,0,expansion,,,,,,,,
2019-06-01,102.4375,,255.213,3.6,2.22,1.995,1.814,1.825,2.074,0.26,-0.146,0,expansion,,,,,,,,
2019-07-01,101.9408,20843.322,255.802,3.7,2.145,1.962,1.835,1.828,2.059,0.224,-0.0859999999999999,0,expansion,,,,,,,,
2019-08-01,102.639,,256.036,3.6,1.99,1.772,1.571,1.487,1.626,0.0549999999999999,-0.364,0,expansion,,,,,,,,
2019-09-01,102.2917,,256.43,3.5,1.934,1.796,1.648,1.565,1.7,0.052,-0.234,0,expansion,,,,,,,,
2019-10-01,101.4281,20985.448,257.155,3.6,1.679,1.608,1.551,1.525,1.707,0.156,0.028,0,expansion,,,,,,,,
2019-11-01,101.9372,,257.879,3.6,1.572,1.568,1.613,1.639,1.812,0.199,0.24,0,expansion,,,,,,,,
2019-12-01,101.7003,,258.63,3.6,1.565,1.549,1.613,1.682,1.863,0.25,0.298,0,expansion,,,,,,,,
2020-01-01,101.0338,20709.212,259.127,3.6,1.552,1.533,1.519,1.562,1.758,0.239,0.206,0,expansion,,,,,,,,
2020-02-01,101.3735,,259.25,3.5,1.545,1.406,1.331,1.324,1.504,0.173,-0.0409999999999999,0,expansion,2019Q4,2020-04-01,2020Q2,2644.0,2.0,128.0,130.0,146.0
2020-03-01,97.4078,,258.076,4.4,0.295,0.332,0.448,0.592,0.87,0.422,0.575,1,contraction,,,,,,,,
2020-04-01,84.5619,19077.992,256.032,14.8,0.138,0.184,0.225,0.388,0.658,0.433,0.52,1,contraction,,,,,,,,
2020-05-01,85.9604,,255.802,13.2,0.128,0.162,0.17,0.34,0.674,0.504,0.546,0,expansion,,,,,,,,
2020-06-01,91.5934,,257.042,11.0,0.16,0.176,0.185,0.345,0.729,0.544,0.569,0,expansion,,,,,,,,
2020-07-01,95.0256,20558.879,258.352,10.2,0.127,0.145,0.148,0.279,0.624,0.476,0.497,0,expansion,,,,,,,,
2020-08-01,95.9549,,259.316,8.4,0.104,0.13,0.14,0.267,0.65,0.51,0.546,0,expansion,,,,,,,,
2020-09-01,95.9669,,259.997,7.8,0.109,0.128,0.135,0.27,0.68,0.545,0.571,0,expansion,,,,,,,,
2020-10-01,96.7394,20791.917,260.319,6.9,0.1,0.127,0.15,0.336,0.787,0.637,0.687,0,expansion,,,,,,,,
2020-11-01,97.0816,,260.911,6.7,0.091,0.117,0.166,0.388,0.87,0.704,0.779,0,expansion,,,,,,,,
2020-12-01,98.363,,262.045,6.7,0.087,0.1,0.136,0.386,0.934,0.798,0.847,0,expansion,,,,,,,,
2021-01-01,98.8822,21106.619,262.687,6.4,0.084,0.101,0.131,0.445,1.081,0.95,0.997,0,expansion,,,,,,,,
2021-02-01,95.6149,,263.579,6.2,0.043,0.073,0.115,0.543,1.258,1.143,1.215,0,expansion,,,,,,,,
2021-03-01,98.3856,,264.961,6.1,0.031,0.076,0.147,0.823,1.611,1.464,1.58,0,expansion,,,,,,,,
2021-04-01,98.5587,21474.077,266.614,6.1,0.021,0.061,0.163,0.862,1.635,1.472,1.614,0,expansion,,,,,,,,
2021-05-01,99.4333,,268.383,5.8,0.018,0.05,0.155,0.82,1.621,1.466,1.603,0,expansion,,,,,,,,
2021-06-01,99.7987,,270.654,5.9,0.036,0.067,0.203,0.839,1.519,1.316,1.483,0,expansion,,,,,,,,
2021-07-01,100.2519,21641.672,271.903,5.4,0.052,0.076,0.22,0.764,1.319,1.099,1.267,0,expansion,,,,,,,,
2021-08-01,100.0437,,272.676,5.1,0.055,0.074,0.217,0.772,1.283,1.066,1.228,0,expansion,,,,,,,,
2021-09-01,98.8579,,273.91,4.7,0.042,0.077,0.241,0.864,1.375,1.134,1.333,0,expansion,,,,,,,,
2021-10-01,100.1861,22001.64,276.55,4.5,0.052,0.113,0.392,1.106,1.582,1.19,1.53,0,expansion,,,,,,,,
2021-11-01,100.8654,,278.919,4.1,0.052,0.179,0.508,1.203,1.56,1.052,1.508,0,expansion,,,,,,,,
2021-12-01,100.5726,,280.845,3.9,0.059,0.299,0.68,1.23,1.465,0.785,1.406,0,expansion,,,,,,,,
2022-01-01,100.1856,21945.682,282.543,4.0,0.146,0.55,0.98,1.538,1.764,0.784,1.618,0,expansion,,,,,,,,
2022-02-01,100.8064,,284.5,3.9,0.315,1.004,1.435,1.812,1.934,0.499,1.619,0,expansion,,,,,,,,
2022-03-01,101.3907,,287.674,3.7,0.447,1.335,1.91,2.109,2.128,0.218,1.681,0,expansion,,,,,,,,
2022-04-01,101.44,21976.292,288.561,3.7,0.764,1.887,2.538,2.778,2.748,0.21,1.984,0,expansion,,,,,,,,
2022-05-01,101.3335,,291.298,3.6,0.993,2.06,2.617,2.874,2.898,0.281,1.905,0,expansion,,,,,,,,
2022-06-01,101.018,,294.957,3.6,1.539,2.651,2.998,3.19,3.143,0.145,1.604,0,expansion,,,,,,,,
2022-07-01,101.223,22124.384,294.913,3.5,2.298,3.02,3.036,2.964,2.896,-0.14,0.598,0,expansion,,,,,,,,
2022-08-01,101.0963,,295.097,3.6,2.722,3.275,3.25,3.027,2.898,-0.352,0.176,0,expansion,,,,,,,,
2022-09-01,101.2918,,296.349,3.5,3.222,3.892,3.857,3.697,3.519,-0.338,0.297,0,expansion,,,,,,,,
2022-10-01,101.2529,22272.546,298.007,3.6,3.872,4.428,4.375,4.178,3.984,-0.391,0.112,0,expansion,,,,,,,,
2022-11-01,100.9552,,298.786,3.6,4.323,4.728,4.504,4.056,3.891,-0.613,-0.432,0,expansion,,,,,,,,
2022-12-01,99.7664,,298.832,3.5,4.358,4.682,4.289,3.764,3.616,-0.673,-0.742,0,expansion,,,,,,,,
2023-01-01,100.505,22456.938,300.42,3.5,4.688,4.694,4.208,3.643,3.532,-0.676,-1.156,0,expansion,,,,,,,,
2023-02-01,100.6416,,301.45,3.6,4.788,4.925,4.534,3.942,3.747,-0.787,-1.041,0,expansion,,,,,,,,
2023-03-01,101.0205,,301.821,3.5,4.859,4.679,4.303,3.823,3.663,-0.64,-1.196,0,expansion,,,,,,,,
2023-04-01,101.253,22577.556,302.845,3.4,5.074,4.681,4.016,3.537,3.46,-0.556,-1.614,0,expansion,,,,,,,,
2023-05-01,100.9286,,303.334,3.6,5.308,4.913,4.132,3.591,3.574,-0.558,-1.734,0,expansion,,,,,,,,
2023-06-01,100.1196,,304.014,3.6,5.416,5.241,4.64,3.95,3.748,-0.892,-1.668,0,expansion,,,,,,,,
2023-07-01,100.9067,22828.796,304.609,3.5,5.488,5.37,4.828,4.142,3.899,-0.929,-1.589,0,expansion,,,,,,,,
2023-08-01,100.8393,,306.082,3.7,5.559,5.367,4.902,4.307,4.168,-0.734,-1.391,0,expansion,,,,,,,,
2023-09-01,101.0211,,307.276,3.7,5.556,5.436,5.022,4.487,4.379,-0.643000000000001,-1.177,0,expansion,,,,,,,,
2023-10-01,100.4689,23033.25,307.696,3.9,5.605,5.425,5.068,4.772,4.798,-0.27,-0.807,0,expansion,,,,,,,,
2023-11-01,100.8639,,308.148,3.7,5.523,5.281,4.882,4.486,4.503,-0.379,-1.02,0,expansion,,,,,,,,
2023-12-01,100.6031,,308.741,3.8,5.442,4.959,4.457,4.004,4.02,-0.437,-1.422,0,expansion,,,,,,,,
2024-01-01,99.2223,23115.975,309.698,3.7,5.454,4.79,4.323,3.984,4.058,-0.265000000000001,-1.396,0,expansion,,,,,,,,
2024-02-01,100.285,,310.967,3.9,5.44,4.922,4.544,4.188,4.208,-0.335999999999999,-1.232,0,expansion,,,,,,,,
2024-03-01,100.4575,,312.345,3.9,5.469,4.992,4.588,4.201,4.208,-0.38,-1.261,0,expansion,,,,,,,,
2024-04-01,100.2434,23320.074,313.023,3.9,5.444,5.135,4.873,4.557,4.539,-0.334000000000001,-0.905,0,expansion,,,,,,,,
2024-05-01,100.863,,313.175,3.9,5.455,5.16,4.856,4.499,4.482,-0.374,-0.973,0,expansion,,,,,,,,
2024-06-01,100.894,,313.044,4.1,5.506,5.111,4.737,4.317,4.305,-0.432,-1.201,0,expansion,,,,,,,,
2024-07-01,99.9757,23501.76,313.569,4.2,5.432,4.897,4.496,4.162,4.249,-0.247000000000001,-1.183,0,expansion,,,,,,,,
2024-08-01,100.4309,,314.062,4.2,5.295,4.426,3.965,3.712,3.871,-0.0939999999999999,-1.424,0,expansion,,,,,,,,
2024-09-01,99.8084,,314.732,4.1,4.922,4.028,3.622,3.497,3.724,0.102,-1.198,0,expansion,,,,,,,,
2024-10-01,99.4695,23641.759,315.631,4.1,4.718,4.2,3.972,3.91,4.095,0.123,-0.623,0,expansion,,,,,,,,
2024-11-01,99.2925,,316.528,4.2,4.62,4.333,4.257,4.228,4.356,0.0990000000000002,-0.264,0,expansion,,,,,,,,
2024-12-01,100.3273,,317.604,4.1,4.391,4.234,4.226,4.251,4.391,0.165,0.0,0,expansion,,,,,,,,
2025-01-01,100.0647,23650.213,318.961,4.0,4.343,4.185,4.272,4.429,4.629,0.356999999999999,0.286,0,expansion,,,,,,,,
2025-02-01,101.0993,,319.679,4.2,4.332,4.194,4.21,4.281,4.451,0.241,0.119,0,expansion,,,,,,,,
2025-03-01,101.0404,,319.785,4.2,4.336,4.064,3.97,4.043,4.28,0.31,-0.0560000000000001,0,expansion,,,,,,,,
2025-04-01,101.1279,23884.563,320.302,4.2,4.322,3.953,3.778,3.913,4.279,0.501,-0.0430000000000002,0,expansion,,,,,,,,
2025-05-01,100.9655,,320.62,4.3,4.361,4.086,3.92,4.023,4.424,0.504,0.0630000000000006,0,expansion,,,,,,,,
2025-06-01,101.4785,,321.435,4.1,4.421,4.062,3.889,3.963,4.384,0.495000000000001,-0.0369999999999999,0,expansion,,,,,,,,
2025-07-01,101.894,24112.966,322.169,4.3,4.412,4.076,3.882,3.949,4.392,0.51,-0.0199999999999996,0,expansion,,,,,,,,
2025-08-01,101.6247,,323.291,4.3,4.305,3.89,3.704,3.786,4.265,0.561,-0.04,0,expansion,,,,,,,,
2025-09-01,101.668,,324.245,4.4,4.066,3.66,3.569,3.662,4.12,0.551,0.0540000000000003,0,expansion,,,,,,,,
2025-10-01,101.2195,24125.479,,,3.978,3.614,3.521,3.649,4.062,0.541,0.0840000000000001,0,expansion,,,,,,,,
2025-11-01,101.0344,,325.063,4.5,3.937,3.655,3.55,3.673,4.094,0.544000000000001,0.157,0,expansion,,,,,,,,
2025-12-01,101.4941,,326.031,4.4,3.68,3.542,3.501,3.702,4.143,0.642,0.463,0,expansion,,,,,,,,
2026-01-01,101.0388,24274.383,326.588,4.3,3.666,3.508,3.537,3.781,4.214,0.677000000000001,0.548000000000001,0,expansion,,,,,,,,
2026-02-01,101.9053,,327.46,4.4,3.688,3.477,3.472,3.682,4.126,0.654,0.438,0,expansion,,,,,,,,
2026-03-01,101.7336,,330.293,4.3,3.719,3.666,3.715,3.848,4.246,0.531000000000001,0.527000000000001,0,expansion,,,,,,,,
2026-04-01,102.5783,24408.011,332.407,4.3,3.696,3.694,3.799,3.935,4.319,0.52,0.623,0,expansion,,,,,,,,
2026-05-01,102.6396,,333.979,4.3,3.686,3.792,3.995,4.145,4.484,0.489,0.798,0,expansion,,,,,,,,
2026-06-01,102.842,,332.568,4.2,3.811,3.91,4.113,4.21,4.47,0.356999999999999,0.659,0,expansion,,,,,,,,
2026-07-01,103.0454,,332.813,4.1,3.867,4.051,4.223,4.331,4.6,0.377,0.733,0,expansion,,,,,,,,
2026-08-01,103.0682,,334.131,4.1,3.877,4.031,4.216,4.384,4.684,0.468,0.807,0,expansion,,,,,,,,
2026-09-01,,,,4.2,4.093,4.365,4.651,4.803,4.989,0.338,0.896,0,expansion,,,,,,,,
2026-10-01,,,,,4.193,4.457,4.817,5.043,5.277,0.46,1.084,0,expansion,,,,,,,,
